Rol,Id,Eleccion
Alumno,123456,Sociedad de Alumnos
Alumno,123456,Consejo Universitario
Alumno,123456,Consejo de Representantes
Alumno,123457,Sociedad de Alumnos
Alumno,123457,Consejo Universitario
Alumno,123457,Consejo de Representantes
Alumno,123458,Sociedad de Alumnos
Alumno,123458,Consejo Universitario
Alumno,123458,Consejo de Representantes
Alumno,123460,Sociedad de Alumnos
Alumno,123460,Consejo Universitario
Alumno,123460,Consejo de Representantes
Alumno,123461,Sociedad de Alumnos
Alumno,123461,Consejo Universitario
Alumno,123461,Consejo de Representantes
Alumno,123462,Sociedad de Alumnos
Alumno,123462,Consejo Universitario
Alumno,123462,Consejo de Representantes
Alumno,123464,Sociedad de Alumnos
Alumno,123464,Consejo Universitario
Alumno,123464,Consejo de Representantes
Alumno,123465,Sociedad de Alumnos
Alumno,123465,Consejo Universitario
Alumno,123465,Consejo de Representantes
Alumno,123466,Sociedad de Alumnos
Alumno,123466,Consejo Universitario
Alumno,123466,Consejo de Representantes
Alumno,123468,Sociedad de Alumnos
Alumno,123468,Consejo Universitario
Alumno,123468,Consejo de Representantes
Alumno,123469,Sociedad de Alumnos
Alumno,123469,Consejo Universitario
Alumno,123469,Consejo de Representantes
Alumno,123470,Sociedad de Alumnos
Alumno,123470,Consejo Universitario
Alumno,123470,Consejo de Representantes
Alumno,123472,Sociedad de Alumnos
Alumno,123472,Consejo Universitario
Alumno,123472,Consejo de Representantes
Alumno,123473,Sociedad de Alumnos
Alumno,123473,Consejo Universitario
Alumno,123473,Consejo de Representantes
Alumno,123474,Sociedad de Alumnos
Alumno,123474,Consejo Universitario
Alumno,123474,Consejo de Representantes
Alumno,123476,Sociedad de Alumnos
Alumno,123476,Consejo Universitario
Alumno,123476,Consejo de Representantes
Alumno,123477,Sociedad de Alumnos
Alumno,123477,Consejo Universitario
Alumno,123477,Consejo de Representantes
Alumno,123478,Sociedad de Alumnos
Alumno,123478,Consejo Universitario
Alumno,123478,Consejo de Representantes
Alumno,123480,Sociedad de Alumnos
Alumno,123480,Consejo Universitario
Alumno,123480,Consejo de Representantes
Alumno,123481,Sociedad de Alumnos
Alumno,123481,Consejo Universitario
Alumno,123481,Consejo de Representantes
Alumno,123482,Sociedad de Alumnos
Alumno,123482,Consejo Universitario
Alumno,123482,Consejo de Representantes
Alumno,123484,Sociedad de Alumnos
Alumno,123484,Consejo Universitario
Alumno,123484,Consejo de Representantes
Alumno,123485,Sociedad de Alumnos
Alumno,123485,Consejo Universitario
Alumno,123485,Consejo de Representantes
Alumno,123486,Sociedad de Alumnos
Alumno,123486,Consejo Universitario
Alumno,123486,Consejo de Representantes
Alumno,123488,Sociedad de Alumnos
Alumno,123488,Consejo Universitario
Alumno,123488,Consejo de Representantes
Alumno,123489,Sociedad de Alumnos
Alumno,123489,Consejo Universitario
Alumno,123489,Consejo de Representantes
Alumno,123490,Sociedad de Alumnos
Alumno,123490,Consejo Universitario
Alumno,123490,Consejo de Representantes
Alumno,123492,Sociedad de Alumnos
Alumno,123492,Consejo Universitario
Alumno,123492,Consejo de Representantes
Alumno,123493,Sociedad de Alumnos
Alumno,123493,Consejo Universitario
Alumno,123493,Consejo de Representantes
Alumno,123494,Sociedad de Alumnos
Alumno,123494,Consejo Universitario
Alumno,123494,Consejo de Representantes
Alumno,123496,Sociedad de Alumnos
Alumno,123496,Consejo Universitario
Alumno,123496,Consejo de Representantes
Alumno,123497,Sociedad de Alumnos
Alumno,123497,Consejo Universitario
Alumno,123497,Consejo de Representantes
Alumno,123498,Sociedad de Alumnos
Alumno,123498,Consejo Universitario
Alumno,123498,Consejo de Representantes
Alumno,123500,Sociedad de Alumnos
Alumno,123500,Consejo Universitario
Alumno,123500,Consejo de Representantes
Alumno,123501,Sociedad de Alumnos
Alumno,123501,Consejo Universitario
Alumno,123501,Consejo de Representantes
Alumno,123502,Sociedad de Alumnos
Alumno,123502,Consejo Universitario
Alumno,123502,Consejo de Representantes
Alumno,123504,Sociedad de Alumnos
Alumno,123504,Consejo Universitario
Alumno,123504,Consejo de Representantes
Alumno,123505,Sociedad de Alumnos
Alumno,123505,Consejo Universitario
Alumno,123505,Consejo de Representantes
Alumno,123506,Sociedad de Alumnos
Alumno,123506,Consejo Universitario
Alumno,123506,Consejo de Representantes
Alumno,123508,Sociedad de Alumnos
Alumno,123508,Consejo Universitario
Alumno,123508,Consejo de Representantes
Alumno,123509,Sociedad de Alumnos
Alumno,123509,Consejo Universitario
Alumno,123509,Consejo de Representantes
Alumno,123510,Sociedad de Alumnos
Alumno,123510,Consejo Universitario
Alumno,123510,Consejo de Representantes
Alumno,123512,Sociedad de Alumnos
Alumno,123512,Consejo Universitario
Alumno,123512,Consejo de Representantes
Alumno,123513,Sociedad de Alumnos
Alumno,123513,Consejo Universitario
Alumno,123513,Consejo de Representantes
Alumno,123514,Sociedad de Alumnos
Alumno,123514,Consejo Universitario
Alumno,123514,Consejo de Representantes
Alumno,123516,Sociedad de Alumnos
Alumno,123516,Consejo Universitario
Alumno,123516,Consejo de Representantes
Alumno,123517,Sociedad de Alumnos
Alumno,123517,Consejo Universitario
Alumno,123517,Consejo de Representantes
Alumno,123518,Sociedad de Alumnos
Alumno,123518,Consejo Universitario
Alumno,123518,Consejo de Representantes
Alumno,123520,Sociedad de Alumnos
Alumno,123520,Consejo Universitario
Alumno,123520,Consejo de Representantes
Alumno,123521,Sociedad de Alumnos
Alumno,123521,Consejo Universitario
Alumno,123521,Consejo de Representantes
Alumno,123522,Sociedad de Alumnos
Alumno,123522,Consejo Universitario
Alumno,123522,Consejo de Representantes
Alumno,123524,Sociedad de Alumnos
Alumno,123524,Consejo Universitario
Alumno,123524,Consejo de Representantes
Alumno,123525,Sociedad de Alumnos
Alumno,123525,Consejo Universitario
Alumno,123525,Consejo de Representantes
Alumno,234567,Sociedad de Alumnos
Alumno,234567,Consejo Universitario
Alumno,234567,Consejo de Representantes
