Id,Centro,Carrera,Grupo
123456,Centro de Ciencias Básicas,Ingeniería en Sistemas Computacionales,A
123457,Centro de Ciencias Básicas,Ingeniería en Sistemas Computacionales,A
123458,Centro de Ciencias Básicas,Ingeniería en Sistemas Computacionales,A
123459,Centro de Ciencias Básicas,Ingeniería en Sistemas Computacionales,A
123460,Centro de Ciencias Básicas,Ingeniería en Sistemas Computacionales,B
123461,Centro de Ciencias Básicas,Ingeniería en Sistemas Computacionales,B
123462,Centro de Ciencias Básicas,Ingeniería en Sistemas Computacionales,B
123463,Centro de Ciencias Básicas,Ingeniería en Sistemas Computacionales,B
123464,Centro de Ciencias Básicas,Ingeniería en Sistemas Computacionales,C
123465,Centro de Ciencias Básicas,Ingeniería en Sistemas Computacionales,C
123466,Centro de Ciencias Básicas,Ingeniería en Sistemas Computacionales,C
123467,Centro de Ciencias Básicas,Ingeniería en Sistemas Computacionales,C
123468,Centro de Ciencias Básicas,Licenciatura en Informática y Tecnologías Computacionales,A
123469,Centro de Ciencias Básicas,Licenciatura en Informática y Tecnologías Computacionales,A
123470,Centro de Ciencias Básicas,Licenciatura en Informática y Tecnologías Computacionales,A
123471,Centro de Ciencias Básicas,Licenciatura en Informática y Tecnologías Computacionales,A
123472,Centro de Ciencias Básicas,Licenciatura en Informática y Tecnologías Computacionales,B
123473,Centro de Ciencias Básicas,Licenciatura en Informática y Tecnologías Computacionales,B
123474,Centro de Ciencias Básicas,Licenciatura en Informática y Tecnologías Computacionales,B
123475,Centro de Ciencias Básicas,Licenciatura en Informática y Tecnologías Computacionales,B
123476,Centro de Ciencias Básicas,Licenciatura en Informática y Tecnologías Computacionales,C
123477,Centro de Ciencias Básicas,Licenciatura en Informática y Tecnologías Computacionales,C
123478,Centro de Ciencias Básicas,Licenciatura en Informática y Tecnologías Computacionales,C
123479,Centro de Ciencias Básicas,Licenciatura en Informática y Tecnologías Computacionales,C
123480,Centro de Ciencias Económicas y Administrativas,Contador Público,A
123481,Centro de Ciencias Económicas y Administrativas,Contador Público,A
123482,Centro de Ciencias Económicas y Administrativas,Contador Público,A
123483,Centro de Ciencias Económicas y Administrativas,Contador Público,A
123484,Centro de Ciencias Económicas y Administrativas,Contador Público,B
123485,Centro de Ciencias Económicas y Administrativas,Contador Público,B
123486,Centro de Ciencias Económicas y Administrativas,Contador Público,B
123487,Centro de Ciencias Económicas y Administrativas,Contador Público,B
123488,Centro de Ciencias Económicas y Administrativas,Contador Público,C
123489,Centro de Ciencias Económicas y Administrativas,Contador Público,C
123490,Centro de Ciencias Económicas y Administrativas,Contador Público,C
123491,Centro de Ciencias Económicas y Administrativas,Contador Público,C
123492,Centro de Ciencias Económicas y Administrativas,Licenciatura en Administración de Empresas,A
123493,Centro de Ciencias Económicas y Administrativas,Licenciatura en Administración de Empresas,A
123494,Centro de Ciencias Económicas y Administrativas,Licenciatura en Administración de Empresas,A
123495,Centro de Ciencias Económicas y Administrativas,Licenciatura en Administración de Empresas,A
123496,Centro de Ciencias Económicas y Administrativas,Licenciatura en Administración de Empresas,B
123497,Centro de Ciencias Económicas y Administrativas,Licenciatura en Administración de Empresas,B
123498,Centro de Ciencias Económicas y Administrativas,Licenciatura en Administración de Empresas,B
123499,Centro de Ciencias Económicas y Administrativas,Licenciatura en Administración de Empresas,B
123500,Centro de Ciencias Económicas y Administrativas,Licenciatura en Administración de Empresas,C
123501,Centro de Ciencias Económicas y Administrativas,Licenciatura en Administración de Empresas,C
123502,Centro de Ciencias Económicas y Administrativas,Licenciatura en Administración de Empresas,C
123503,Centro de Ciencias Económicas y Administrativas,Licenciatura en Administración de Empresas,C
123504,Centro de Ciencias de la Salud,Licenciatura en Enfermería,A
123505,Centro de Ciencias de la Salud,Licenciatura en Enfermería,A
123506,Centro de Ciencias de la Salud,Licenciatura en Enfermería,A
123507,Centro de Ciencias de la Salud,Licenciatura en Enfermería,A
123508,Centro de Ciencias de la Salud,Licenciatura en Enfermería,B
123509,Centro de Ciencias de la Salud,Licenciatura en Enfermería,B
123510,Centro de Ciencias de la Salud,Licenciatura en Enfermería,B
123511,Centro de Ciencias de la Salud,Licenciatura en Enfermería,B
123512,Centro de Ciencias de la Salud,Licenciatura en Enfermería,C
123513,Centro de Ciencias de la Salud,Licenciatura en Enfermería,C
123514,Centro de Ciencias de la Salud,Licenciatura en Enfermería,C
123515,Centro de Ciencias de la Salud,Licenciatura en Enfermería,C
123516,Centro de Ciencias de la Salud,Licenciatura en Nutrición,A
123517,Centro de Ciencias de la Salud,Licenciatura en Nutrición,A
123518,Centro de Ciencias de la Salud,Licenciatura en Nutrición,A
123519,Centro de Ciencias de la Salud,Licenciatura en Nutrición,A
123520,Centro de Ciencias de la Salud,Licenciatura en Nutrición,B
123521,Centro de Ciencias de la Salud,Licenciatura en Nutrición,B
123522,Centro de Ciencias de la Salud,Licenciatura en Nutrición,B
123523,Centro de Ciencias de la Salud,Licenciatura en Nutrición,B
123524,Centro de Ciencias de la Salud,Licenciatura en Nutrición,C
123525,Centro de Ciencias de la Salud,Licenciatura en Nutrición,C
234567,Centro de Ciencias de la Salud,Licenciatura en Nutrición,C
345678,Centro de Ciencias de la Salud,Licenciatura en Nutrición,C
