Rol,Id
Alumno,123456
Alumno,123457
Alumno,123458
Alumno,123460
Alumno,123461
Alumno,123462
Alumno,123464
Alumno,123465
Alumno,123466
Alumno,123468
Alumno,123469
Alumno,123470
Alumno,123472
Alumno,123473
Alumno,123474
Alumno,123476
Alumno,123477
Alumno,123478
Alumno,123480
Alumno,123481
Alumno,123482
Alumno,123484
Alumno,123485
Alumno,123486
Alumno,123488
Alumno,123489
Alumno,123490
Alumno,123492
Alumno,123493
Alumno,123494
Alumno,123496
Alumno,123497
Alumno,123498
Alumno,123500
Alumno,123501
Alumno,123502
Alumno,123504
Alumno,123505
Alumno,123506
Alumno,123508
Alumno,123509
Alumno,123510
Alumno,123512
Alumno,123513
Alumno,123514
Alumno,123516
Alumno,123517
Alumno,123518
Alumno,123520
Alumno,123521
Alumno,123522
Alumno,123524
Alumno,123525
Alumno,234567
