Eleccion,Centro,Carrera,Grupo,Candidato,Registrado
Consejo de Representantes,Centro de Ciencias de la Salud,Licenciatura en Nutrición,B,Lupita Galvez,True
Consejo Universitario,Centro de Ciencias Económicas y Administrativas,Licenciatura en Administración de Empresas,B,Alexa Janeth,True
Sociedad de Alumnos,Centro de Ciencias Económicas y Administrativas,Contador Público,A,MUCHACHOS,True
Consejo Universitario,Centro de Ciencias Básicas,Licenciatura en Informática y Tecnologías Computacionales,C,Angel Carranza,True
Consejo Universitario,Centro de Ciencias de la Salud,Licenciatura en Nutrición,C,Alexa Janeth,True
Consejo Universitario,Centro de Ciencias de la Salud,Licenciatura en Nutrición,B,Alexa Janeth,True
Consejo Universitario,Centro de Ciencias Económicas y Administrativas,Licenciatura en Administración de Empresas,C,Valeria Ramirez,True
Consejo de Representantes,Centro de Ciencias Básicas,Licenciatura en Informática y Tecnologías Computacionales,B,Claudia SHeinbaun,True
Consejo de Representantes,Centro de Ciencias Básicas,Licenciatura en Informática y Tecnologías Computacionales,A,Lupita Galvez,True
Consejo de Representantes,Centro de Ciencias Básicas,Ingeniería en Sistemas Computacionales,B,Lupita Galvez,True
Sociedad de Alumnos,Centro de Ciencias Básicas,Licenciatura en Informática y Tecnologías Computacionales,A,MUCHACHOS,True
Consejo Universitario,Centro de Ciencias Económicas y Administrativas,Licenciatura en Administración de Empresas,A,Angel Enriquez,True
Consejo de Representantes,Centro de Ciencias Básicas,Ingeniería en Sistemas Computacionales,B,Daniel Ramirez,True
Consejo de Representantes,Centro de Ciencias Económicas y Administrativas,Contador Público,A,Lupita Galvez,True
Sociedad de Alumnos,Centro de Ciencias Básicas,Licenciatura en Informática y Tecnologías Computacionales,B,FEUUA,True
Sociedad de Alumnos,Centro de Ciencias Básicas,Ingeniería en Sistemas Computacionales,C,FEUUA,True
Sociedad de Alumnos,Centro de Ciencias Económicas y Administrativas,Licenciatura en Administración de Empresas,C,FEUUA,True
Consejo de Representantes,Centro de Ciencias de la Salud,Licenciatura en Enfermería,A,Daniel Ramirez,True
Sociedad de Alumnos,Centro de Ciencias Básicas,Licenciatura en Informática y Tecnologías Computacionales,B,MUCHACHOS,True
Sociedad de Alumnos,Centro de Ciencias Económicas y Administrativas,Licenciatura en Administración de Empresas,B,MUCHACHOS,True
Consejo Universitario,Centro de Ciencias Básicas,Licenciatura en Informática y Tecnologías Computacionales,C,Daniel Garcia,True
Consejo Universitario,Centro de Ciencias Básicas,Ingeniería en Sistemas Computacionales,A,Daniel Garcia,True
Sociedad de Alumnos,Centro de Ciencias Económicas y Administrativas,Contador Público,B,FEUUA,True
Sociedad de Alumnos,Centro de Ciencias Económicas y Administrativas,Licenciatura en Administración de Empresas,A,CONECTA,True
Consejo Universitario,Centro de Ciencias Básicas,Licenciatura en Informática y Tecnologías Computacionales,B,Daniel Garcia,True
Sociedad de Alumnos,Centro de Ciencias Económicas y Administrativas,Contador Público,A,CONECTA,True
Consejo de Representantes,Centro de Ciencias Básicas,Licenciatura en Informática y Tecnologías Computacionales,C,Antony Muñoz,True
Consejo de Representantes,Centro de Ciencias Básicas,Ingeniería en Sistemas Computacionales,A,Claudia SHeinbaun,True
Consejo Universitario,Centro de Ciencias de la Salud,Licenciatura en Enfermería,A,Angel Enriquez,True
Sociedad de Alumnos,Centro de Ciencias de la Salud,Licenciatura en Nutrición,A,MUCHACHOS,True
Consejo Universitario,Centro de Ciencias Básicas,Licenciatura en Informática y Tecnologías Computacionales,B,Angel Enriquez,True
Sociedad de Alumnos,Centro de Ciencias Básicas,Licenciatura en Informática y Tecnologías Computacionales,C,CONECTA,True
Consejo de Representantes,Centro de Ciencias de la Salud,Licenciatura en Enfermería,A,Pedro Talaman,True
Consejo de Representantes,Centro de Ciencias de la Salud,Licenciatura en Nutrición,B,Antony Muñoz,True
Consejo de Representantes,Centro de Ciencias Económicas y Administrativas,Contador Público,B,Daniel Ramirez,True
Sociedad de Alumnos,Centro de Ciencias Económicas y Administrativas,Contador Público,C,MUCHACHOS,True
Consejo Universitario,Centro de Ciencias Básicas,Licenciatura en Informática y Tecnologías Computacionales,A,Angel Carranza,True
Consejo Universitario,Centro de Ciencias de la Salud,Licenciatura en Enfermería,A,Valeria Ramirez,True
Consejo Universitario,Centro de Ciencias Básicas,Ingeniería en Sistemas Computacionales,A,Alexa Janeth,True
Sociedad de Alumnos,Centro de Ciencias Básicas,Licenciatura en Informática y Tecnologías Computacionales,C,MUCHACHOS,True
Consejo Universitario,Centro de Ciencias Básicas,Ingeniería en Sistemas Computacionales,C,Alexa Janeth,True
Consejo de Representantes,Centro de Ciencias Básicas,Ingeniería en Sistemas Computacionales,C,Daniel Ramirez,True
Sociedad de Alumnos,Centro de Ciencias Básicas,Ingeniería en Sistemas Computacionales,B,FEUUA,True
Consejo de Representantes,Centro de Ciencias Económicas y Administrativas,Contador Público,A,Antony Muñoz,True
Sociedad de Alumnos,Centro de Ciencias Básicas,Licenciatura en Informática y Tecnologías Computacionales,A,CONECTA,True
Consejo Universitario,Centro de Ciencias Económicas y Administrativas,Contador Público,C,Valeria Ramirez,True
Consejo de Representantes,Centro de Ciencias Básicas,Ingeniería en Sistemas Computacionales,C,Lupita Galvez,True
Consejo de Representantes,Centro de Ciencias de la Salud,Licenciatura en Enfermería,C,Antony Muñoz,True
Consejo de Representantes,Centro de Ciencias Básicas,Ingeniería en Sistemas Computacionales,A,Antony Muñoz,True
Consejo Universitario,Centro de Ciencias de la Salud,Licenciatura en Enfermería,B,Valeria Ramirez,True
Consejo de Representantes,Centro de Ciencias Económicas y Administrativas,Contador Público,B,Lupita Galvez,True
Consejo de Representantes,Centro de Ciencias de la Salud,Licenciatura en Enfermería,B,Claudia SHeinbaun,True
Consejo Universitario,Centro de Ciencias Económicas y Administrativas,Licenciatura en Administración de Empresas,C,Daniel Garcia,True
Sociedad de Alumnos,Centro de Ciencias Básicas,Ingeniería en Sistemas Computacionales,C,CONECTA,True
Consejo Universitario,Centro de Ciencias de la Salud,Licenciatura en Nutrición,C,Angel Enriquez,True
Consejo de Representantes,Centro de Ciencias Económicas y Administrativas,Contador Público,B,Pedro Talaman,True
Consejo de Representantes,Centro de Ciencias Básicas,Licenciatura en Informática y Tecnologías Computacionales,C,Daniel Ramirez,True
Consejo Universitario,Centro de Ciencias Económicas y Administrativas,Contador Público,A,Valeria Ramirez,True
Consejo Universitario,Centro de Ciencias Básicas,Ingeniería en Sistemas Computacionales,B,Daniel Garcia,True
Consejo Universitario,Centro de Ciencias Básicas,Licenciatura en Informática y Tecnologías Computacionales,A,Valeria Ramirez,True
Consejo Universitario,Centro de Ciencias de la Salud,Licenciatura en Enfermería,C,Daniel Garcia,True
Sociedad de Alumnos,Centro de Ciencias Básicas,Ingeniería en Sistemas Computacionales,A,FEUUA,True
Consejo Universitario,Centro de Ciencias Básicas,Ingeniería en Sistemas Computacionales,C,Angel Enriquez,True
Sociedad de Alumnos,Centro de Ciencias de la Salud,Licenciatura en Enfermería,C,FEUUA,True
Consejo de Representantes,Centro de Ciencias Básicas,Licenciatura en Informática y Tecnologías Computacionales,C,Claudia SHeinbaun,True
Consejo Universitario,Centro de Ciencias Económicas y Administrativas,Contador Público,C,Angel Carranza,True
Sociedad de Alumnos,Centro de Ciencias Básicas,Ingeniería en Sistemas Computacionales,B,CONECTA,True
Consejo Universitario,Centro de Ciencias Básicas,Ingeniería en Sistemas Computacionales,C,Valeria Ramirez,True
Consejo Universitario,Centro de Ciencias de la Salud,Licenciatura en Nutrición,C,Valeria Ramirez,True
Sociedad de Alumnos,Centro de Ciencias de la Salud,Licenciatura en Nutrición,B,MUCHACHOS,True
Consejo de Representantes,Centro de Ciencias Económicas y Administrativas,Licenciatura en Administración de Empresas,C,Lupita Galvez,True
Consejo de Representantes,Centro de Ciencias Económicas y Administrativas,Contador Público,C,Pedro Talaman,True
Consejo de Representantes,Centro de Ciencias Económicas y Administrativas,Licenciatura en Administración de Empresas,B,Antony Muñoz,True
Sociedad de Alumnos,Centro de Ciencias Económicas y Administrativas,Contador Público,B,MUCHACHOS,True
Sociedad de Alumnos,Centro de Ciencias de la Salud,Licenciatura en Enfermería,A,FEUUA,True
Sociedad de Alumnos,Centro de Ciencias de la Salud,Licenciatura en Nutrición,A,FEUUA,True
Consejo Universitario,Centro de Ciencias Básicas,Licenciatura en Informática y Tecnologías Computacionales,A,Angel Enriquez,True
Sociedad de Alumnos,Centro de Ciencias de la Salud,Licenciatura en Nutrición,C,CONECTA,True
Sociedad de Alumnos,Centro de Ciencias Económicas y Administrativas,Contador Público,C,FEUUA,True
Sociedad de Alumnos,Centro de Ciencias Básicas,Ingeniería en Sistemas Computacionales,B,MUCHACHOS,True
Consejo de Representantes,Centro de Ciencias Básicas,Ingeniería en Sistemas Computacionales,B,Antony Muñoz,True
Consejo de Representantes,Centro de Ciencias Económicas y Administrativas,Licenciatura en Administración de Empresas,C,Antony Muñoz,True
Consejo de Representantes,Centro de Ciencias Básicas,Licenciatura en Informática y Tecnologías Computacionales,A,Claudia SHeinbaun,True
Consejo de Representantes,Centro de Ciencias Económicas y Administrativas,Licenciatura en Administración de Empresas,A,Claudia SHeinbaun,True
Sociedad de Alumnos,Centro de Ciencias Básicas,Licenciatura en Informática y Tecnologías Computacionales,A,FEUUA,True
Sociedad de Alumnos,Centro de Ciencias Económicas y Administrativas,Licenciatura en Administración de Empresas,C,CONECTA,True
Consejo de Representantes,Centro de Ciencias Económicas y Administrativas,Licenciatura en Administración de Empresas,A,Pedro Talaman,True
Sociedad de Alumnos,Centro de Ciencias de la Salud,Licenciatura en Enfermería,B,CONECTA,True
Consejo Universitario,Centro de Ciencias Económicas y Administrativas,Licenciatura en Administración de Empresas,A,Daniel Garcia,True
Consejo de Representantes,Centro de Ciencias de la Salud,Licenciatura en Nutrición,C,Daniel Ramirez,True
Consejo Universitario,Centro de Ciencias de la Salud,Licenciatura en Nutrición,B,Valeria Ramirez,True
Consejo Universitario,Centro de Ciencias de la Salud,Licenciatura en Enfermería,B,Angel Enriquez,True
Consejo Universitario,Centro de Ciencias Económicas y Administrativas,Contador Público,C,Angel Enriquez,True
Sociedad de Alumnos,Centro de Ciencias de la Salud,Licenciatura en Nutrición,B,FEUUA,True
Consejo de Representantes,Centro de Ciencias de la Salud,Licenciatura en Enfermería,C,Pedro Talaman,True
Consejo Universitario,Centro de Ciencias Económicas y Administrativas,Licenciatura en Administración de Empresas,C,Alexa Janeth,True
Consejo de Representantes,Centro de Ciencias de la Salud,Licenciatura en Nutrición,A,Claudia SHeinbaun,True
Sociedad de Alumnos,Centro de Ciencias Económicas y Administrativas,Licenciatura en Administración de Empresas,C,MUCHACHOS,True
Consejo de Representantes,Centro de Ciencias de la Salud,Licenciatura en Enfermería,C,Claudia SHeinbaun,True
Consejo de Representantes,Centro de Ciencias de la Salud,Licenciatura en Enfermería,A,Lupita Galvez,True
Consejo Universitario,Centro de Ciencias Básicas,Ingeniería en Sistemas Computacionales,B,Alexa Janeth,True
Sociedad de Alumnos,Centro de Ciencias de la Salud,Licenciatura en Nutrición,C,MUCHACHOS,True
Sociedad de Alumnos,Centro de Ciencias Económicas y Administrativas,Licenciatura en Administración de Empresas,B,FEUUA,True
Consejo Universitario,Centro de Ciencias de la Salud,Licenciatura en Enfermería,C,Angel Carranza,True
Sociedad de Alumnos,Centro de Ciencias de la Salud,Licenciatura en Enfermería,B,MUCHACHOS,True
Consejo de Representantes,Centro de Ciencias Económicas y Administrativas,Licenciatura en Administración de Empresas,B,Claudia SHeinbaun,True
Consejo Universitario,Centro de Ciencias Básicas,Ingeniería en Sistemas Computacionales,A,Angel Carranza,True
Sociedad de Alumnos,Centro de Ciencias Básicas,Ingeniería en Sistemas Computacionales,A,MUCHACHOS,True
Consejo de Representantes,Centro de Ciencias Económicas y Administrativas,Licenciatura en Administración de Empresas,A,Antony Muñoz,True
Consejo Universitario,Centro de Ciencias de la Salud,Licenciatura en Nutrición,A,Alexa Janeth,True
Consejo Universitario,Centro de Ciencias de la Salud,Licenciatura en Nutrición,A,Angel Carranza,True
Sociedad de Alumnos,Centro de Ciencias Económicas y Administrativas,Licenciatura en Administración de Empresas,B,CONECTA,True
Consejo Universitario,Centro de Ciencias Económicas y Administrativas,Licenciatura en Administración de Empresas,A,Angel Carranza,True
Consejo de Representantes,Centro de Ciencias Económicas y Administrativas,Contador Público,C,Claudia SHeinbaun,True
Sociedad de Alumnos,Centro de Ciencias de la Salud,Licenciatura en Nutrición,B,CONECTA,True
Sociedad de Alumnos,Centro de Ciencias de la Salud,Licenciatura en Nutrición,A,CONECTA,True
Sociedad de Alumnos,Centro de Ciencias Económicas y Administrativas,Licenciatura en Administración de Empresas,A,MUCHACHOS,True
Consejo de Representantes,Centro de Ciencias de la Salud,Licenciatura en Nutrición,C,Lupita Galvez,True
Sociedad de Alumnos,Centro de Ciencias Básicas,Ingeniería en Sistemas Computacionales,A,CONECTA,True
Consejo de Representantes,Centro de Ciencias Básicas,Licenciatura en Informática y Tecnologías Computacionales,B,Pedro Talaman,True
Consejo de Representantes,Centro de Ciencias de la Salud,Licenciatura en Enfermería,B,Lupita Galvez,True
Sociedad de Alumnos,Centro de Ciencias Básicas,Licenciatura en Informática y Tecnologías Computacionales,C,FEUUA,True
Sociedad de Alumnos,Centro de Ciencias Económicas y Administrativas,Contador Público,B,CONECTA,True
Consejo Universitario,Centro de Ciencias Básicas,Ingeniería en Sistemas Computacionales,B,Valeria Ramirez,True
Sociedad de Alumnos,Centro de Ciencias de la Salud,Licenciatura en Enfermería,B,FEUUA,True
Consejo Universitario,Centro de Ciencias de la Salud,Licenciatura en Nutrición,B,Daniel Garcia,True
Sociedad de Alumnos,Centro de Ciencias de la Salud,Licenciatura en Enfermería,C,CONECTA,True
Consejo de Representantes,Centro de Ciencias Básicas,Ingeniería en Sistemas Computacionales,C,Pedro Talaman,True
Consejo de Representantes,Centro de Ciencias de la Salud,Licenciatura en Enfermería,B,Pedro Talaman,True
Consejo de Representantes,Centro de Ciencias Económicas y Administrativas,Licenciatura en Administración de Empresas,B,Daniel Ramirez,True
Sociedad de Alumnos,Centro de Ciencias de la Salud,Licenciatura en Enfermería,A,CONECTA,True
Consejo Universitario,Centro de Ciencias Económicas y Administrativas,Licenciatura en Administración de Empresas,B,Daniel Garcia,True
Consejo de Representantes,Centro de Ciencias Económicas y Administrativas,Contador Público,C,Lupita Galvez,True
Consejo de Representantes,Centro de Ciencias de la Salud,Licenciatura en Nutrición,C,Pedro Talaman,True
Consejo Universitario,Centro de Ciencias de la Salud,Licenciatura en Enfermería,C,Angel Enriquez,True
Sociedad de Alumnos,Centro de Ciencias Básicas,Ingeniería en Sistemas Computacionales,C,MUCHACHOS,True
Sociedad de Alumnos,Centro de Ciencias Económicas y Administrativas,Contador Público,A,FEUUA,True
Consejo de Representantes,Centro de Ciencias Básicas,Licenciatura en Informática y Tecnologías Computacionales,A,Pedro Talaman,True
Sociedad de Alumnos,Centro de Ciencias Económicas y Administrativas,Licenciatura en Administración de Empresas,A,FEUUA,True
Consejo de Representantes,Centro de Ciencias de la Salud,Licenciatura en Nutrición,A,Daniel Ramirez,True
Consejo Universitario,Centro de Ciencias de la Salud,Licenciatura en Enfermería,A,Alexa Janeth,True
Consejo Universitario,Centro de Ciencias Básicas,Licenciatura en Informática y Tecnologías Computacionales,C,Alexa Janeth,True
Consejo de Representantes,Centro de Ciencias de la Salud,Licenciatura en Nutrición,B,Daniel Ramirez,True
Consejo Universitario,Centro de Ciencias Económicas y Administrativas,Contador Público,A,Alexa Janeth,True
Consejo de Representantes,Centro de Ciencias Económicas y Administrativas,Contador Público,A,Daniel Ramirez,True
Consejo de Representantes,Centro de Ciencias Básicas,Licenciatura en Informática y Tecnologías Computacionales,B,Antony Muñoz,True
Consejo Universitario,Centro de Ciencias Económicas y Administrativas,Contador Público,B,Angel Enriquez,True
Sociedad de Alumnos,Centro de Ciencias de la Salud,Licenciatura en Enfermería,A,MUCHACHOS,True
Consejo Universitario,Centro de Ciencias de la Salud,Licenciatura en Nutrición,A,Daniel Garcia,True
Consejo Universitario,Centro de Ciencias Económicas y Administrativas,Contador Público,B,Alexa Janeth,True
Sociedad de Alumnos,Centro de Ciencias Básicas,Licenciatura en Informática y Tecnologías Computacionales,B,CONECTA,True
Sociedad de Alumnos,Centro de Ciencias Económicas y Administrativas,Contador Público,C,CONECTA,True
Consejo Universitario,Centro de Ciencias Económicas y Administrativas,Contador Público,B,Valeria Ramirez,True
Consejo de Representantes,Centro de Ciencias Básicas,Ingeniería en Sistemas Computacionales,A,Daniel Ramirez,True
Consejo Universitario,Centro de Ciencias Económicas y Administrativas,Licenciatura en Administración de Empresas,B,Angel Carranza,True
Sociedad de Alumnos,Centro de Ciencias de la Salud,Licenciatura en Enfermería,C,MUCHACHOS,True
Consejo de Representantes,Centro de Ciencias Económicas y Administrativas,Licenciatura en Administración de Empresas,C,Daniel Ramirez,True
Consejo Universitario,Centro de Ciencias Básicas,Licenciatura en Informática y Tecnologías Computacionales,B,Angel Carranza,True
Consejo Universitario,Centro de Ciencias Económicas y Administrativas,Contador Público,A,Daniel Garcia,True
Sociedad de Alumnos,Centro de Ciencias de la Salud,Licenciatura en Nutrición,C,FEUUA,True
Consejo de Representantes,Centro de Ciencias de la Salud,Licenciatura en Nutrición,A,Antony Muñoz,True
Consejo Universitario,Centro de Ciencias de la Salud,Licenciatura en Enfermería,B,Angel Carranza,True
